skills,avg_salary
rest apis,129653.43333333333
kubernetes,129646.30769230769
typescript,128707.07692307692
go,125667.89285714286
javascript,125279.91666666667
git,124083.4375
java,123570.5
tensorflow,122785.8
sql,121426.19230769231
docker,120168.73333333334
